Ingredients,Nameofproduct,protein,sodium,fiber,sugars,Servingsize,calories,Saturatedfat,category
Organic Almonds Organic Cacao Organic Jerusalem Artichoke Fiber Organic Cacao Butter Organic Monk Fruit Extract Organic MCT Oil,"Organic Almond Butter Keto Cups 7 Count, 4.93 oz",3,0,5,1,20,130,3,organic
"Ingredients: Organic Enriched Wheat Flour (Organic Wheat Flour, Niacin, Reduced Iron, Thiamine Mononitrate, Riboflavin, Folic Acid), Organic Chocolate Chips (Organic Cane Sugar, Organic Chocolate Liquor, Organic Cocoa Butter, Organic Soy Lecithin [Emulsifier]), Organic Expeller Pressed Palm Oil, Organic Cane Sugar, Organic Brown Cane Sugar, Organic Invert Cane Sugar Syrup, Sea Salt, Leavening (Sodium Bicarbonate, Ammonium Bicarbonate), Organic Natural Flavors, Organic Vanilla Extract","Ogranic Cookies, Chocolate Chip, 12 oz",2,105,1,10,30,150,3.5,organic
"Ingredients: Organic Enriched Wheat Flour (Organic Wheat Flour, Niacin, Reduced Iron, Thiamine Mononitrate, Riboflavin, Folic Acid), Organic Cane Sugar, Organic Expeller Pressed Palm Oil, Sea Salt, Organic Natural Flavors, Leavening (Sodium Bicarbonate), Organic Soy Lecithin (Emulsifier)","Ogranic Cookies, Vanilla Wafers, 9 oz",1,140,0,11,30,140,2,organic
"Ingredients: Organic Enriched Wheat Flour (Organic Wheat Flour, Niacin, Reduced Iron, Thiamine Mononitrate, Riboflavin, Folic Acid), Organic Expeller Pressed Palm Oil, Organic Cane Sugar, Organic Rolled Oats, Organic Raisins, Organic Invert Cane Sugar Syrup, Organic Cinnamon, Baking Soda (Sodium Bicarbonate), Sea Salt, Organic Soy Lecithin (Emulsifier)","Ogranic Cookies, Oatmeal Raisin, 12 oz",2,105,1,9,30,140,2.5,organic
"Ingredients: Organic Enriched Wheat Flour (Organic Wheat Flour, Niacin, Reduced Iron, Thiamine Mononitrate, Riboflavin, Folic Acid), Organic Cane Sugar, Organic Expeller Pressed Palm Oil, Organic Chocolate Chips (Organic Cane Sugar, Organic Chocolate Liquor, Organic Cocoa Butter, Organic Soy Lecithin [Emulsifier]), Organic Invert Cane Sugar Syrup, Organic Cocoa Powder (Processed With Alkali), Sea Salt, Leavening (Sodium Bicarbonate), Organic Vanilla Extract, Organic Natural Flavor, Leavening (Ammonium Bicarbonate)","Ogranic Cookies, Double Chocolate Chip, 12 oz",2,100,1,9,30,150,3.5,organic
"Ingredients: Organic Wheat Flour, Organic Sugar, Organic Eggs, Leavening (Ammonium Bicarbonate, Sodium Bicarbonate), Natural Flavors, Salt","Organic Ladyfingers, 7 oz",3,35,1,14,33,120,0,organic
"Organic Enriched Wheat Flour (Organic Wheat Flour, Niacin, Reduced Iron, Thiamine Mononitrate, Riboflavin, Folic Acid), Organic Expeller Pressed Palm Oil, Organic Chocolate Chips (Organic Cane Sugar, Organic Chocolate Liquor, Organic Cocoa Butter, Organic Soy Lecithin [Emulsifier]), Organic Cane Sugar, Organic Brown Sugar, Organic Invert Cane Sugar Syrup, Sea Salt, Leavening (Sodium Bicarbonate), Natural Flavors, Organic Vanilla Extract.","Organic Chocolate Chip Cookie Bites, 6 EACH",2,115,1,9,30,150,4,organic
"Best Ingredients: Organic Wheat Flour, Organic Semi-sweet Chocolate Chips (Organic Cane Sugar, Organic Chocolate, Organic Cocoa Butter, Organic Vanilla Extract), Organic Cane Sugar, Organic Whole Grain Oat Flour, Organic Palm Oil, Organic Expeller-pressed Sunflower Oil, Organic Invert Cane Syrup, Sea Salt, Organic Molasses, Leavening (Baking Soda, Ammonium Bicarbonate), Mixed Tocopherols (Vitamin E) To Protect Flavor, Natural Flavor","Organic Choc Chip Cookie Bites 10pk, 10.5 oz",2,100,1,9,30,150,3,organic
"Ingredients: Gluten Free Flour Blend* (Oat Flour*, Tapioca Flour*, Potato Starch*), Cane Sugar Syrup*, Vegetable Oils* (Sustainable Palm Fruit Oil*, Sunflower Oil*), Chocolate Chips* (Cane Sugar*, Cocoa Mass*, Cocoa Butter*, Vanilla*), Vegetable Glycerin*, Chia*, Brown Sugar*, Baking Powder, Vanilla Flavor*, Vegetable Extracts (Spinach, Broccoli, Carrots, Tomatoes, Beets, Shiitake Mushrooms), Sea Salt., *Organic","Soft Baked Mini Chocolate Chip Cookies 5pk, 4.23 oz",1,65,1,6,24,120,3,organic
"Best Ingredients: Organic Wheat Flour, Organic Cane Sugar, Organic Expeller-pressed Sunflower Oil, Organic Whole Wheat Flour (Graham Flour), Organic Invert Cane Syrup, Organic Corn Flour, Organic Chocolate Cookie Bits (Organic Wheat Flour, Organic Sugar, Organic Expeller-pressed Sunflower Oil, Organic Malted Black Barley Flour, Organic Cocoa, Baking Soda), Calcium Carbonate, Organic Honey, Organic Cocoa Powder, Organic Semi-sweet Chocolate Chips (Organic Can Sugar, Organic Cocoa Butter, Organic Vanilla Extract), Baking Soda, Sea Salt, Natural Flavor, Mixed Tocopherols (Vitamin E) To Protect Flavor","Organic Grahams Friends Bunny Snacks, 11.25 oz",2,90,1,7,30,130,0.5,organic
"Best Ingredients: Organic Wheat Flour, Organic Cane Sugar, Organic Expeller-pressed Sunflower Oil, Organic Corn Flour, Organic Whole Wheat Flour (Graham Flour), Organic Honey, Calcium Carbonate, Baking Soda, Sea Salt, Mixed Tocopherols (Vitamin E) To Protect Flavor, Natural Flavor","Organic Honey Bunny Grahams, 7.5 oz",2,120,1,6,30,130,0,organic
"Organic Enriched Wheat Flour (Organic Wheat Flour, Niacin, Iron, Organic Wheat Starch, Thiamine Mononitrate, Tricalcium Phosphate, Riboflavin, Folic Acid), Organic Strawberry Filling (Organic Cane Sugar, Organic Brown Rice Syrup, Organic Apple Powder, Organic Rice Starch, Organic Strawberries, Organic Dried Cane Sugar, Organic Strawberry Type Flavor, Glycerin, Pectin, Water, Citric Acid, Red Cabbage Extract [Color]), Organic Invert Cane Sugar, Organic Evaporated Cane Sugar, Water, Organic Sunflower Oil and/or Organic Canola Oil, Calcium Carbonate, Natural Flavors, Organic Honey, Organic Oat Flour, Organic Corn Flour, Baking Soda, Organic Butter Flavor (Milk), Organic Wheat Bran, Cream of Tartar, Organic Acacia Gum, Sea Salt, Vitamin Mix (Niacinamide, Cyanocobalamin, Pyridoxine Hydrochloride, Riboflavin, Thiamine Hydrochloride, Folic Acid), Zinc Oxide, Reduced Iron","Earth's Best Organic Organic Strawberry Sunny Days Snack Bar, 5.3 oz",0.9,45,0,7,19,60,0,organic
"Best Ingredients: Organic Wheat Flour, Organic Powdered Sugar, Organic Palm Oil, Organic Cane Sugar, Organic Cocoa Processed With Alkali, Organic Invert Cane Syrup, Organic Tapioca Starch, Leavening (Baking Soda, Ammonium Bicarbonate), Sea Salt, Organic Soy Lecithin, Organic Chocolate, Natural Flavor","Organic Chocolate Grabbits Sandwhich Cookies, 8.06 oz",2,125,1,13,34,160,3.5,organic
"Best Ingredients: Organic Wheat Flour, Organic Cane Sugar, Organic Expeller-pressed Sunflower Oil, Organic While Wheat Flour (Graham Flour), Organic Invert Cane Syrup, Organic Corn Flour, Organic Chocolate Cookie Bits (Organic Wheat Flour, Organic Sugar, Organic Expeller-pressed Sunflower Oil, Organic Malted Black Barley Flour, Organic Cocoa, Baking Soda), Calcium Carbonate, Organic Honey, Organic Cocoa Powder, Organic Semi-sweet Chocolate Chips (Organic Cane Sugar, Organic Unsweetened Chocolate, Organic Cocoa Butter, Organic Vanilla Extract), Baking Soda, Sea Salt, Natural Flavor, Mixed Tocopherols (Vitamin E) To Protect Flavor",Organic Friends Cookie 12 Pack,2,85,1,7,28,130,0.5,organic
"Ingredients: Almond Flour*, Chocolate Chip* (Coconut Sugar*, Chocolate Liquor*, Cocoa Butter*), Coconut Sugar*, Coconut Oil*, Sunflower Seed*, Coconut*, Pumpkin Seed*, Filtered Water, Flax Seed*, Vanilla Extract*, Himalayan Pink Salt, Cinnamon Powder* *=Organic","Superfood Chocolate Chip Cookie, 5.3 oz",6,60,4,8,38,230,6,organic
"Ingredients: Organic Coconut, Organic Coconut Syrup, Organic Dark Chocolate (Organic Chocolate Liquor, Organic Coconut Sugar, Organic Cocoa Butter, Organic Vanilla), Organic Almond Flour, Water, Organic Spirulina, Organic Peppermint Oil, Salt","Organic Chocolate Covered Coconut Cookie, 3.5 oz",2,35,2,6,25,140,8,organic
"Ingredients: Organic Whole Wheat Flour, Organic Wheat Flour, Organic Cane Sugar, Water, Organic Sunflower Oil and/or Organic Safflower Oil, Organic Honey, Organic Invert Cane Syrup, Leavening (Ammonium Bicarbonate, Sodium Bicarbonate, Monocalcium Phosphate), Sea Salt, Natural Flavor, Vitamin Mineral Blend (Ferric Orthophosphate, Niacinamide, Zinc Oxide, Cyanocobalamin, Maltodextrin, Folic Acid, Thiamine Mononitrate, Pyridoxine Hydrochloride, Riboflavin)","Organic Crunchin' Grahams Honey Sticks, 5.3 oz",1,70,1,5,20,70,0,organic
"Ingredients: Brownie Brittle Organic Mix (Organic Cane Sugar, Organic Wheat Flour, Organic Palm Oil, Organic Cocoa [Processed With Alkali], Organic Dried Malt Syrup, Organic Soybean Oil, Organic Cornstarch, Sea Salt, Leavening [Baking Soda], Natural Flavor), Organic Semi-sweet Chip (Organic Cane Sugar, Organic Vegetable Fat [Palm], Organic Cocoa Powder, Organic Dextrose, Organic Cocoa Powder [Processed With Alkali], Organic Soy Lecithin [An Emulsifier], Organic Egg Whites","Organic Chocolate Chip Brownie Brittle, 5 oz",2,85,1,14,28,120,2,organic
"Ingredients: Whole Grain Rolled Oats*, Fairtrade Cane Sugar*, Sunflower Oil*, White Chocolate Chunks* (Cane Sugar*, Cocoa Butter*, Whole Milk Powder*, Soy Lecithin*, Vanilla Extract*), Fairtrade Black Cocoa Powder* (Processed With Alkali), Sea Salt, Fairtrade Dried Coconut*, Fairtrade Coffee*, Flavors* [Vanilla, Coffee (Cream Type)], Rice Starch*, Tocopherols (Vitamin E)., *Organic","Love Crunch Espresso Vanilla Cream Granola, 11.5 oz",3,105,3,7,30,130,1,organic
"Organic Buckwheat Flour, Milled Organic Flaxseed, Organic Palm Oil, Organic Brown Sugar, Organic Oat Flour, Organic Tapioca Starch, Organic Brown Rice Flour, Organic Cane Sugar, Organic Honey, Organic Vanilla Extract, Sodium Bicarbonate, Organic Rosemary Extract, Sea Salt","Abc Multi-grain Cookies, 4.4 oz",0.9,25,1,2,8,40,0.5,organic
"Ingredients: Organic Whole Spelt Flour, Organic Cane Sugar, Organic Malt Syrup, Organic Sunflower Oil, Organic Palm Fruit Oil, Filtered Water, Organic Sprouted Spelt Flour, Organic Honey, Organic Spices, Organic Ground Ginger, Chicory Root Inulin, Sodium Bicarbonate, Sea Salt",Shasha Bread Co. Organic Spelt Ginger Snaps,3,30,2,8,30,130,1,organic
"Ingredients: Organic Einkorn Flour, Organic Cane Sugar*, Organic Palm Fruit Oil, Organic Rice Syrup, Organic Cocoa*, Leavening (Monocalcium Phosphate, Baking Soda), Salt, Organic Cocoa Extract., *Fair Trade Certified Tm by Fair Trade USA","Organic Crispy Cocoa Einkorn Cookie, 8.8 oz",3,80,1,6,28,130,2,organic
"Organic Rice Flour, Organic Corn Flour, Organic Strawberry Puree (Organic Invert Sugar Syrup, Organic Glucose Syrup, Organic Cane Sugar, Organic Strawberry Puree, Citric Acid, Organic Elderberry Juice Concentrate, Natural Flavor), Organic Cane Sugar, Organic Oat Flour, Salt, Vegetable Concentrate (Carrot Puree Concentrate, Blueberry Puree), Natural Flavors, Organic Blueberry Powder (Organic Blueberry Powder, Organic Corn Maltodextrin), Organic Yogurt Powder, Citric Acid, Organic Rosemary Extract","Organic Very Berry Pillows, 10.6 oz",2,50,1,9,32,120,0,organic
"Organic Coconut, Organic Agave Syrup, Organic White Baking Chips (Org. Cocoa Butter, Org. Cane Sugar, Org. Tapioca Starch, Org. Rice Syrup Powder, Org. Rice Maltodextrin, Org. Vanilla, Salt), Organic Springkles (Org. Sugar, Org. Tapioca Starch, Colors (from Vegan Sources), Org. Tapioca Maltodextrin, Baking Soda, Citric Acid), Organic Almond Flour, Organic Coconut Oil, Organic Vanilla Extract, Himalayan Salt","Organic Birthday Cake Coconut Cookies, 6 oz",1,15,2,6,19,110,6,organic
"Ingredients Organic Wheat Flour, Organic Light Brown Sugar, Organic Palm Shortening*, Organic Whole Wheat Flour, Organic Molasses, Organic Oats, Organic Dehydrated Sweet Potato, Organic Raisins, Organic Pea Protein, Vitamin Premix, Organic Vanilla Flavor, Organic Cinnamon, Organic Milled Flaxseed, Sodium Bicarbonate, Sea Salt., Vitamins + Minerals Calcium (Calcium Carbonate), Iron (Ferric Orthophosphate), Vitamin A (Palmitate), Vitamin B6 (Pyridoxine Hydrochloride), Folic Acid, Vitamin D2 (Ergocalciferol), Vitamin B12 (Cyanocobalamin)., *Palm Fruit Oil Is Sustainably Sourced","Organic Sweet Potato Oatmeal Raisin Smart Cookies Multipack, 4 oz",2,55,1,6,23,90,1.5,organic
"Organic Wheat Flour, Organic Cane Sugar, Organic Butter, Organic Whole Wheat Flour, Organic Expeller-pressed Sunflower Oil, Sea Salt, Lemon Oil, Baking Soda, Mixed Tocopherols (Vitamin E) To Protect Flavor, Natural Flavor","Organic Lemon Drop Cookie Bites, 6.5 oz",2,60,1,7,30,140,3,organic
"Ingredients: Oat Blend* (Rolled Oats*, Oat Flour*, Oat Fiber*), Tapioca Syrup*, Fig Paste*, High Oleic Sunflower Oil*, Cane Sugar*, Cane Syrup*, Cocoa Butter*, Natural Flavors, Soy Flour*, Baking Soda, Sea Salt, Cinnamon*, Soy Lecithin*, Vanilla Extract*","Organic Iced Oatmeal Cookie Z Bar, 1.27 oz",2,105,2,10,36,150,1,organic
"Ingredients Organic Wheat Flour, Organic Light Brown Sugar, Organic Palm Shortening*, Organic Whole Wheat Flour, Organic Semi Sweet Chocolate Chips (Organic Sugar, Organic Unsweetened Chocolate, Organic Cocoa Butter, Organic Soy Lecithin [An Emulsifier], Organic Natural Vanilla Extract), Organic Dehydrated Beet, Organic Orange Extract, Organic Molasses, Vitamin Premix, Organic Pea Protein, Organic Vanilla Flavor, Organic Milled Flaxseed, Sea Salt, Sodium Bicarbonate., Vitamins + Minerals Calcium (Calcium Carbonate), Iron (Ferric Orthophosphate), Vitamin A (Palmitate), Vitamin B6 (Pyridoxine Hydrochloride), Folic Acid, Vitamin D2 (Ergocalciferol), Vitamin B12 (Cyanocobalamin)","Organic Chocolate Orange Beet Smart Cookies Multipack, 4 oz",2,70,1,7,23,100,1.5,organic
"Ingredients: Organic Coconut, Organic Agave Syrup, Organic Almond Flour, Organic Coconut Oil, Organic Pumpkin Pie Spice (Organic Cinnamon, Organic Ginger, Organic Nutmeg, Organic Cloves), Organic Vanilla Extract, Himalayan Salt","Organic Coconut Cookies Pumpkin Spice, 6 oz",1,15,2,5,19,100,7,organic
"Gluten Free Flour Blend* (Oat Flour*, Tapioca Starch*, Ground Chia Seeds*), Invert Cane Syrup*, Vegetable Oils* (Palm Fruit Oil*†, Sunflower Oil*), Vegetable Glycerin*, Baking Powder, Cinnamon*, Vegetable Extracts (Spinach, Broccoli, Carrots, Tomatoes, Beets, Shiitake Mushrooms), Sea Salt, Natural Flavor*., *Organic., †sustainable","Organic Soft Baked Mini Snickerdoodle Cookies, 4.25 oz",1,70,1,7,24,110,2,organic
"Ingredients: Organic Coconut, Organic Agave Syrup, Organic Cocoa Powder, Organic Chocolate Chips (Organic Cocoa Mass, Organic Cane Sugar, Organic Cocoa Butter, Organic Vanilla), Organic Almond Flour, Organic Peppermint Oil, Organic Coconut Oil, Organic Vanilla Extract, Himalayan Salt","Double Chocolate Mint Coconut Cookies, 6 oz",1,15,2,5,19,100,7,organic
"Invert Cane Syrup*, Gluten Free Flour Blend* (Oat Flour*, Tapioca Starch*, Ground Chia Seeds*), Palm Fruit Oil*†, Sunflower Seed Butter*, Chocolate Chips* (Cane Sugar*, Unsweetened Chocolate*, Cocoa Butter*), Vegetable Glycerin*, Sea Salt, Baking Powder, Natural Flavor*, Vegetable Extracts (Spinach, Broccoli, Carrots, Tomatoes, Beets, Shiitake Mushrooms)., *Organic., †sustainable","Organic Soft Baked Mini Cookies, 4.25 oz",1,160,1,7,24,110,2.5,organic
"Dried Unsweetened Coconut*, Coconut Nectar*, Cacao Powder*, Extra Virgin Coconut Oil*, Cacao Bean Nibs*, Goji Berries*, Vanilla Extract*, Maca Powder*, Spirulina*, Sea Salt (*Organic)","Chocolate Superfood Macaroon, 2 oz",2,20,3,2,28,160,10,organic
"Dried Unsweetened Coconut Flakes*, Coconut Nectar*, Almonds*, Extra Virgin Coconut Oil*, Cacao Bean Nibs*, Goji Berries*, Vanilla Extract*, Maca Powder*, Mesquite Pod Powder*, Sea Salt (*Organic)","Organic Blonde Superfood Macaroon, 2 oz",2,20,2,2,28,150,9,organic
"Ingredients Organic Coconut Flakes, Organic Cacao Powder, Organic Maple Syrup, Organic Coconut Oil, Himalayan Pink Salt, Organic Pure Vanilla Powder","Organic Coconut Brownie Bites, 2.7 oz",0,5,0,3,13,50,3,organic
"Ingredients Organic Coconut Flakes, Organic Almond Flour, Organic Maple Syrup, Organic Coconut Oil, Himalayan Pink Salt, Organic Pure Vanilla Powder","Organic Blonde Macaroons, 2.7 oz",0,0,0,3,13,50,2,organic
"Ingredients: Organic Enriched Wheat Flour (Organic Wheat Flour, Niacin, Reduced Iron, Thiamine Mononitrate, Riboflavin, Folic Acid), Organic Cane Sugar, Organic Expeller Pressed Palm Oil, Organic Invert Cane Sugar, Organic Expeller Pressed Canola Oil, Organic Natural Flavors, Sea Salt, Leavening (Sodium Bicarbonate)","Organic Vanilla Animal Cookie, 11 oz",2,120,1,7,30,140,2,organic
"Ingredients: Organic Enriched Wheat Flour (Organic Wheat Flour, Niacin, Reduced Iron, Thiamine Mononitrate, Riboflavin, Folic Acid), Organic Cane Sugar, Organic Expeller Pressed Palm Oil, Organic Chocolate Chips (Organic Cane Sugar, Organic Chocolate Liquor, Organic Cocoa Butter, Organic Soy Lecithin [Emulsifier]), Organic Invert Cane Sugar, Organic Expeller Pressed Canola Oil, Organic Natural Flavors, Sea Salt, Leavening (Sodium Bicarbonate)","Organic Chocolate Chip Animal Cookie, 11 oz",2,110,1,8,30,140,2.5,organic
"Ingredients: Organic Whole Wheat Flour, Organic Enriched Wheat Flour (Organic Wheat Flour, Niacin, Reduced Iron, Thiamine Mononitrate, Riboflavin, Folic Acid), Organic Cane Sugar, Organic Expeller Pressed Palm Oil, Organic Invert Cane Sugar, Organic Honey, Sea Salt, Leavening (Sodium Bicarbonate), Organic Cinnamon, Organic Soy Lecithin (Emulsifier)","Organic Whole Grain Honey Cinnamon Animal Cookie, 11 oz",2,120,1,7,30,140,2,organic
"Ingredients: Organic Enriched Wheat Flour (Organic Wheat Flour, Niacin, Reduced Iron, Thiamine Mononitrate, Riboflavin, Folic Acid), Organic Cane Sugar, Organic Expeller Pressed Palm Oil, Organic Invert Cane Sugar, Organic Expeller Pressed Canola Oil, Organic Natural Flavors, Sea Salt, Leavening (Sodium Bicarbonate)","Organic Multi Pack Vanilla Animal Cookie, 6.3 oz",2,120,1,7,30,140,2,organic
"Ingredients: Organic Whole Ground Corn, Organic Sunflower Oil and/or Organic Safflower Oil, Sea Salt","Organic Sea Salt Thin & Crispy Tortilla Chips, 11 oz",2,65,2,0,28,130,0.5,organic
"Ingredients: Organic Whole Ground Corn, Organic Sunflower Oil and/or Organic Safflower Oil, Sea Salt, Organic Lime Oil","Organic Sea Salt & Lime Tortilla Chips, 11 oz",2,70,1,0,28,130,0.5,organic
"Organic Stone Ground Blue Corn, Organic Expeller Pressed Oil (Organic Sunflower Seed, Organic Safflower Seed, and/or Organic Canola Oil), Sea Salt.","Organic Blue Corn Tortilla Chips, 12 oz",2,50,1,0,28,140,0.5,organic
"Organic Stone Ground White Corn, Organic Expeller Pressed Oil (Organic Sunflower Seed, Organic Safflower Seed, and/or Organic (Canola Oil), Sea Salt.","Organic Salted White Corn Tortilla Chips, 12 oz",2,65,2,0,28,150,0.5,organic
"Organic Stone Ground Yellow Corn, Organic Expeller Pressed Oil (Organic Sunflower Seed, Organic Safflower Seed, and/or Organic Canola Oil), Sea Salt.","Organic Yellow Corn Tortilla Rounds Salted, 12 oz",2,50,2,0,28,150,0.5,organic
"Ingredients: Organic Whole Ground Corn, Organic Sunflower Oil and/or Organic Safflower Oil, Organic Chia Seeds, Organic Quinoa, Sea Salt","Chia & Quinoa Tortilla Chips, 11 oz",2,65,2,0,28,140,0.5,organic
"Organic Corn Flour, Organic Potato Flour, Organic Potato Starch, Organic Corn Starch, Organic Rice Flour, Salt, Organic Cane Sugar, Organic Spinach Powder, Organic Tomato Powder, Organic Beetroot Powder (Color), Organic Turmeric (Color), Organic Sunflower and/or Organic Safflower Oil, Sea Salt","Organic Sea Salt Veggie Straws, 5 oz",1,280,1,1,28,130,0.5,organic
"Organic Stone Ground White Corn, Organic Expeller Pressed Oil (Organic Sunflower Seed, Organic Safflower Seed, and/or Organic Canola Oil), Sea Salt.","Organic Thin & Crispy White Corn Tortilla Chips, 12 oz",2,50,2,0,28,150,0.5,organic
"Ingredients: Organic Whole Ground Corn, Organic Sunflower Oil and/or Organic Safflower Oil, Organic Brown Rice, Organic Chia Seeds, Organic Grain & Seed Blend (Organic Flax, Organic Millet, Organic Brown Rice, Organic Quinoa, Organic Amaranth), Organic Evaporated Cane Sugar, Sea Salt","Sea Salt Multigrain Tortilla Chips, 6 oz",2,65,2,0,28,130,0.5,organic
"Ingredients: Organic Whole Ground Blue Corn, Organic Sunflower Oil and/or Organic Safflower Oil, Sea Salt","Restaurant Style Blue Corn Chips, 11 oz",2,70,1,0,28,130,0.5,organic
"Organic Whole Ground White Corn, Organic Sunflower Oil and/or Organic Safflower Oil, Sea Salt","White Corn Cantina Dippers, 8 oz",2,100,1,0,28,150,1,organic
"Ingredients: Organic Potatoes, Organic Safflower and/or Sunflower Oil, Sea Salt","Kettle Brand Organic Sea Salt Potato Chips, 5 oz",2,115,1,0,28,150,1,organic
"Ingredients: Organic Potatoes, Organic Sunflower and/or Organic Safflower Oil, Sea Salt","Thin & Crispy Sea Salt Potato Chips, 5 oz",2,150,1,0,28,150,1,organic
"Ingredients: Plantains*, Coconut Oil*, Himalayan Pink Sea Salt *Indicates USDA Certified Organic","Organic Pink Sea Salt Plantain Chips, 5 oz",1,75,1,0,28,150,8,organic
"Organic Potatoes, Organic Safflower and/or Sunflower Oil, Organic Brown Rice Flour, Organic White Vinegar Powder (Organic Maltodextrin, Organic White Vinegar), Sea Salt, Organic Dried Cane Syrup, Tartaric Acid, Salt, Organic Molasses Powder, Citric Acid, Organic Rice Concentrate, Organic Tomato Powder","Kettle Brand Organic Sea Salt & Vinegar Potato Chips, 5 oz",2,200,1,0,28,140,1,organic
"Organic Wheat Flour, Salt, Organic Expeller Pressed Soybean Oil, Organic Malted Barley Flour.","Organic Mini Pretzel Twists, 8 oz",3,400,2,1,28,110,0,organic
"Organic Wheat Flour, Salt, Organic Expeller Pressed Soybean Oil, Organic Malted Barley Flour","Organic Sticks Pretzel, 8 oz",3,300,2,1,28,110,0,organic
"Ingredients: Volcanic Stone Ground Corn*, Sunflower* and/or Safflower* Oil, Sea Salt, Trace of Lime., *Organic","Organic Yellow Corn Tortilla Chips, 11 oz",2,75,2,0,28,140,0.5,organic
"Organic Potatoes, Organic Sunflower and/or Sunflower Oil, Organic Brown Rice Flour, Organic Dried Cane Syrup, Salt, Sea Salt, Organic Jalapeno Powder, Organic Green Bell Pepper Powder, Organic Onion Powder, Organic Garlic Powder, Organic Rice Concentrate, Natural Flavor, Organic Parsley Flakes, Citric Acid","Kettle Brand Organic Jalapeno Potato Chips, 5 oz",2,160,2,1,28,150,1,organic
"Organic Corn Flour, Organic Potato Flour, Organic Potato Starch, Organic Corn Starch, Organic Rice Flour, Salt, Organic Cane Sugar, Organic Spinach Powder, Organic Tomato Powder, Organic Beetroot Powder (Color), Organic Turmeric (Color), Organic Sunflower and/or Organic Safflower Oil, Seasoning* (Organic Buttermilk Powder [Organic Skim Milk, Lactic Acid, Culture], Sea Salt, Organic Palm Shortening [Organic Palm Oil, Organic Nonfat Milk, Organic Rice Syrup Solids, Sodium Citrate, Organic Soy Lecithin], Organic Maltodextrin, Organic Dried Garlic, Organic Sour Cream Powder [Organic Cream, Cultures, Lactic Acid], Organic Vinegar Powder [Organic Maltodextrin, Organic White Distilled Vinegar], Organic Yeast Extract, Organic Onion, Organic Nonfat Dry Milk, Organic Tomato Powder, Organic Tapioca Solids, Organic Natural Cheddar Flavor, Organic Paprika, Organic Cane Sugar, Citric Acid, Malic Acid, Lactic Acid, Organic Natural Butter Flavor, Organic Spices)., *Adds A Trivial Amount of Cholesterol","Organic Veggie Ranch Straws, 5 oz",1,360,1,1,28,130,0.5,organic
Ingredients: Organic Apples,"Organic Fuji & Reds Apple Chips, 3 oz",0,0,4,21,30,110,0,organic
"Ingredients: Organic Potatoes, Organic Sunflower and/or Organic Safflower Oil, Sour Cream & Onion Seasoning (Organic Onion, Organic Nonfat Milk, Salt, Organic Yogurt Powder [Organic Nonfat Milk, Lactic Acid, Cultures, Natural Flavor], Organic Sour Cream Powder [Organic Sour Cream (Organic Cream, Cultures, Lactic Acid), Organic Nonfat Milk, Citric Acid], Organic Whey, Organic Vinegar Powder [Organic Maltodextrin, Organic Vinegar], Organic Cane Sugar, Organic Parsley, Organic Yeast Extract, Lactic Acid, Citric Acid)","Thin & Crispy Sour Cream Potato Chips, 5 oz",2,150,1,1,28,150,1,organic
"Ingredients: Organic Potatoes, Organic Sunflower and/or Organic Safflower Oil, Bbq Seasoning (Organic Dried Cane Syrup, Salt, Organic Tomato Powder, Organic Onion Powder, Organic Paprika, Organic Spices, Organic Garlic Powder, Citric Acid, Natural Smoke Flavoring)","Thin & Crispy Barbeque Potato Chips, 5 oz",2,150,1,1,28,150,1,organic
"Brown Rice*, Oil Blend (Sunflower Oil*, Safflower Oil* and/or Red Palm Olein*^), Sprouted Brown Rice*, Leafy Greens Blend (Kale*, Spinach Powder*, Water), White Rice*, Black Sesame Seeds*, White Sesame Seeds*, Red Quinoa Seeds*, Millet Flour*, Quinoa Flour*, Amaranth Flour*, Sea Salt., *Organic ^Rainforest Alliance Certified Tm","Greens Organic Vegetable Chips, 5 oz",2,100,2,1,28,150,1.5,organic
"Ingredients: Organic Potatoes, Organic Sunflower and/or Organic Safflower Oil, Sea Salt & Vinegar Seasoning (Organic Brown Rice Flour, Organic White Vinegar Powder [Organic Maltodextrin, Organic White Vinegar], Sea Salt, Organic Dried Cane Syrup, Tartaric Acid, Salt, Organic Molasses Powder, Citric Acid, Organic Tomato Powder)","Thin & Crispy Sea Salt & Vinegar Potato Chips, 5 oz",2,200,1,0,28,150,1,organic
"Organic Kale, Organic Sunflower Seeds, Organic Tahini (Ground Sesame Seeds), Organic Carrot, Organic Apple Cider Vinegar, Organic Cane Sugar, Organic Onion, Sea Salt, Organic Lemon Juice","Original Kale Chips, 2 oz",5,240,3,2,28,130,1.5,organic
"Chickpea Flour*, Corn Flour*, Sunflower Oil*, Pea Fiber*, Rice Flour*, Tapioca Solids*, Sea Salt, Cane Sugar*, Onion Powder*, Vinegar Powder* (Maltodextrin*, White Distilled Vinegar*), Garlic Powder*, Flavor*, Spices*, Tomato Powder*, Yeast Extract*, Citric Acid, Natural Flavor*, *Organic Ingredients","Organic Rockin’ Ranch Tortilla Chips, 5 oz",3,240,3,1,28,150,1,organic
"Ingredients: Organic Apples, Organic Cinnamon","Organic Cinnamon Apple Chips, 3 oz",0,0,4,21,30,110,0,organic
"Ingredients: Plantains*, Coconut Oil*, Sea Salt, Tapioca Maltodextrin*, Lime Juice Concentrate*, Lime Oil*, Parsley* *Indicated USDA Certified Organic","Organic Lime Plantain Chips, 5 oz",1,180,1,0,28,145,8,organic
Organic Ground White Corn Masa Flour & Organic Canola Oil,"Organic Tortilla Chips, 14 oz",2,0,2,0,28,120,0,organic
"Organic Wheat Flour, Organic Expeller Pressed Soybean Oil, Organic Malted Barley Flour","Organic Mini Pretzel Twists (Unsalted), 8 oz",3,40,2,1,28,110,0,organic
"*Kale, *Sunflower Seeds, *Lemon Juice, *Chickpea Miso (*Rice, *Chickpeas, Sea Salt, Water, Koji Spores (Aspergillus Oryzae)), *Carrot, *Nutritional Yeast *Tomato, *Turmeric, Himalayan Salt, *Onion Powder, *Garlic Powder., *Represents Organic Ingredient","Brad's Cheeze It Up Crunchy Kale, 2 oz",4,170,2,1,28,80,0.5,organic
"Organic Kale, Organic Sunflower Seeds, Organic Tahini (Ground Sesame Seeds), Organic Carrot, Organic Cane Sugar, Organic Apple Cider Vinegar, Organic Onion, Sea Salt, Organic Lemon Juice, Organic Dill Weed, Organic Garlic, Organic White Pepper","Rhythm Superfoods Kool Ranch Kale Chips, 2 oz",5,240,3,2,28,130,1.5,organic
"Ingredients: Plantains*, Coconut Oil*, Sea Salt, Tapicoca Maltodextrin*, White Distilled Vinegar*, Apple Cider Vinegar* *Indicates USDA Certified Organic","Organic Sea Salt Vinegar Plantain Chips, 5 oz",1,85,1,1,28,150,8,organic
"Chickpea Flour*, Corn Flour*, Sunflower Oil*, Pea Fiber*, Rice Flour*, Salt, Cane Sugar*, Spices*, Citric Acid, Onion Powder*, Garlic Powder*, Jalapeno Pepper Powder*, Chili Pepper* (Spices*, Sea Salt, Garlic Powder*), Flavor*, Natural Flavor*, *Organic Ingredients","Organic Jalapeno Vegan Cheddar Tortilla Chips, 5 oz",3,330,3,1,28,150,1,organic
Organic Apples,"Organic Granny Smith Apple Chips, 3 oz",1,0,5,18,30,110,0,organic
Organic Long Grain Brown Rice.,"Sea Salt Ripped Potato Chips, 25 lb",3,0,3,0,45,150,0,organic
"Chickpea Flour*, Corn Flour*, Sunflower Oil*, Pea Fiber*, Sea Salt, *Organic Ingredients","Organic Straight Up Sea Salt Tortilla Chips, 5 oz",3,280,3,1,28,160,1,organic
"Ingredients: Plantains*, Coconut Oil*, Sea Salt, Cane Syrup*, Dried Rocoto Pepper*, Tomato Powder*, Onion Powder*, Paprika*, Spices*, Garlic Powder*, Maltodextrin*, Citric Acid, Natural Smoke Flavor, Sunflower Oil*, Lime Juice Concentrate*, Lime Oil*, Mango Flakes* *Indicates USDA Certified Organic",Organic Spicy Mango Salsa Plantain Chips,1,100,1,0,28,145,5,organic
"Organic Beets, Organic High Oleic Sunflower Oil, Sea Salt, Organic Rosemary Extract (To Preserve Freshness)","Sea Salt Beet Chips, 1.4 oz",4,320,7,17,40,160,1,organic
"Ingredients: Organic Carrots, Organic High Oleic Sunflower Oil, Sea Salt, Organic Rosemary Extract (To Preserve Freshness)","Organic Sea Salt Carrot Sticks, 1.4 oz",3,310,11,6,40,150,0,organic
"Organic Potatoes, Organic Expeller Pressed Sunflower Seed, Safflower Seed and/or Canola Oil, Sea Salt.","Organic Sea Salt Potato Chips, 5 oz",1,170,1,0,28,150,1,organic
"Coconut Flour*, Cassava Starch*, Coconut Oil*, Sea Salt, Himalayan Pink Salt, Xanthan Gum., *Organic","Organic Himalayan Pink Salt Tortilla Chips, 5.5 oz",2,280,5,2,28,140,6,organic
"Organic Bananas, Organic Cinnamon","Organic Cinnamon Banana Chips, 2.7 oz",1,0,4,21,30,120,0,organic
Organic Bananas,"Simply Organic Banana Chips, 2.7 oz",1,0,4,21,30,120,0,organic
"*Broccoli, *Flax Seed, *Buckwheat Groats, *Chickpea Miso, *Carrot, *Sunflower Seeds, *Tomato, *Onion, *Garlic, Himalayan Salt, *Represents Organic Ingredient","Brad's Broccoli Cheddar Veggie Chips, 3 oz",3,190,2,1,28,80,0,organic
"Organic Potatoes, Organic Expeller Pressed Sunflower Seed, Safflower Seed and/or Canola Oil, Organic Cane Sugar, Sea Salt, Organic Tomato Powder, Organic Onion Powder, Organic Garlic Powder, Natural Flavor, Organic Black Pepper, Organic Red Pepper, Paprika Extract (Color), Citric Acid.","Organic Barbeque Potato Chips, 5 oz",1,190,1,1,28,150,1,organic
"Coconut Flour*, Cassava Starch *, Coconut Oil*, Xanthan Gum, Kosher Salt, Maltodextrin*, Sea Salt, White Distilled Vinegar*, *Organic","Organic Salt Vinegar Tortilla Chips, 5.5 oz",2,325,5,2,28,140,6,organic
"Ingredients: Organic Vegetable Blend (Organic Cassava Flour, Organic Tapioca Starch, Organic Red Vegetable Blend (Organic Tomato Powder, Organic Sweet Potato Powder, Organic Pumpkin Powder, Organic Carrot Powder), Organic Green Vegetable Blend (Organic Spinach Powder, Organic Broccoli Powder)), Organic Olive Oil, Himalayan Salt","Veggie Sticks, Himalayan Pink Salt, 4.5 oz",0.9,200,1,0,28,120,0.5,organic
"Ingredients: Organic Vegetable Blend (Organic Cassava Flour, Organic Tapioca Starch, Organic Red Vegetable Blend (Organic Tomato Powder, Organic Sweet Potato Powder, Organic Pumpkin Powder, Organic Carrot Powder), Organic Green Vegetable Blend (Organic Spinach Powder, Organic Broccoli Powder)), Organic Olive Oil, Organic Vegan Ranch Seasoning (Organic Tapioca Solids, Sea Salt, Organic Onion Powder, Organic Vinegar Powder (Organic Tapioca Maltodextrin, Organic White Distilled Vinegar), Organic Flavor, Organic Baker's Yeast Extract, Organic Garlic Powder, Organic Spices, Organic Tomato Powder, Citric Acid, Organic Sunflower Oil Added as A Processing Aid)","Veggie Sticks, Vegan Ranch, 4.5 oz",0.9,220,1,1,28,120,0.5,organic
"Coconut Flour*, Cassava Starch*, Coconut Oil*, Sea Salt, Xanthan Gum., *Organic","Organic Original Coconut Flour Tortilla Chips, 5.5 oz",2,210,5,2,28,140,6,organic
"Ingredients: Coconut Flour*, Cassava Starch*, Coconut Oil*, Sea Salt, Citric Acid, Xanthan Gum, Lime Oil*., *Organic","Organic Splash Of Lime Tortilla Chips, 5.5 oz",2,280,5,2,28,140,6,organic
"Ingredients: Organic Whole Ground Corn, Organic Sunflower Oil and/or Organic Safflower Oil, Organic Ranch Seasoning (Organic Sour Cream Powder [(Organic Cream, Cultures, Lactic Acid), Organic Nonfat Milk Solids and Citric Acid], Sea Salt, Organic Maltodextrin, Organic Tomato Powder, Organic Cheddar Cheese [(Organic Milk, Cultures, Salt, Non-animal Enzymes), Disodium Phosphate], Organic Onion Powder, Organic Vinegar Powder (Organic Maltodextrin, Organic White Distilled Vinegar), Natural Flavor, Organic Paprika, Organic Spices, Organic Garlic Powder, Citric Acid, Lactic Acid), Organic Brown Rice, Organic Chia Seeds, Organic Grain & Seed Blend (Organic Flax, Organic Millet, Organic Brown Rice, Organic Quinoa, Organic Amaranth), Organic Evaporated Cane Sugar","Dude Ranch Multigrain Tortilla Chips, 5.5 oz",2,200,2,0,28,130,0.5,organic
"Organic Ingredients: Kale, Mango, Sunflower Seeds, Tahini (Ground Sesame Seeds), Lime Juice, Cane Sugar, Apple Cider Vinegar, *Sea Salt, Onion, Ginger, Turmeric, Carrot, Mango Concentrate, Jalapeno, Habanero., *Represents A Natural Non-organic Ingredient","Rhythm Superfoods Mango Habanero Kale Chips, 2 oz",4,200,3,5,28,130,0,organic
"Ingredients: Organic Stone Ground Yellow Corn, Organic Stone Ground White Corn, Organic Expeller Pressed Oils (Sunflower Seed, Safflower Seed and/or Canola), Sea Salt","Organic Sea Salt Corn Chips, 9 oz",2,150,2,0,28,150,1,organic
"Ingredients: Organic Dark Chocolate (Organic Evaporated Cane Sugar, Organic Cacao Beans*, Organic Cocoa Butter*, Organic Soya Lecithin [Emulsifier]), Organic Peanut Butter (Organic Ground Peanuts), Organic Cane Sugar, Organic Palm Oil, Organic Peanut Flour, Sea Salt, Organic Sunflower Lecithin","Mini Dark Chocolate Peanut Butter Cups, 4.7 oz",2,85,1,9,24,150,5,organic
"Ingredients: Organic Dark Chocolate (Organic Evaporated Cane Sugar, Organic Cacao Beans*, Organic Cocoa Butter*, Organic Soya Lecithin [Emulsifier]), Organic Peanut Butter (Organic Ground Peanuts), Organic Cane Sugar, Organic Peanut Flour, Organic Palm Oil, Sea Salt, Organic Sunflower Lecithin., *Rainforest Alliance Certified Tm","Dark Chocolate Peanut Butter Cups, 1.4 oz",4,120,1,16,40,220,7,organic
"Ingredients: Organic Milk Chocolate (Organic Evaporated Cane Sugar, Organic Cacao Beans*, Organic Full Cream Milk, Organic Cocoa Butter*, Organic Soya Lecithin [Emulsifier]), Organic Peanuts, Organic Cane Sugar, Organic Palm Oil, Organic Peanut Flour, Organic Vanilla Powder (Organic Vanilla Extract, Organic Vanilla Ground), Sea Salt, Organic Soy Lecithin","Mini Milk Chocolate Peanut Butter Cups, 4.7 oz",2,90,1,10,24,150,5,organic
Organic Coconut Butter Organic Cacao Organic Jerusalem Artichoke Fiber Organic Cacao Butter Organic Monk Fruit Extract Organic MCT Oil,"Original Keto Cups, 4.93 oz",1,5,6,1,20,130,8,organic
"Ingredients: Organic Cacao, Unrefined Organic Coconut Sugar, Organic Fair-trade Cocoa Butter, Sea Salt","Salty Dark Chocolate Bar, 2.1 oz",2,105,3,9,30,180,8,organic
"Ingredients: Organic Milk Chocolate (Organic Evaporated Cane Sugar, Organic Cacao Beans, Organic Full Cream Milk, Organic Cocoa Butter, Organic Soya Lecithin [Emulsifier]), Organic Peanut Butter (Organic Ground Peanuts), Organic Cane Sugar, Organic Peanut Flour, Organic Palm Oil, Sea Salt, Organic Sunflower Lecithin","Organic Milk Chocolate Peanut Butter Cups, 1.4 oz",4,120,1,16,40,230,8,organic
"Ingredients: Organic Milk Chocolate (Organic Evaporated Cane Sugar, Organic Cacao Beans, Organic Full Cream Milk, Organic Cocoa Butter, Organic Soya Lecithin [Emulsifier]), Organic Peanut Butter (Organic Ground Peanuts), Organic Cane Sugar, Organic Peanut Flour, Organic Palm Oil, Sea Salt, Organic Sunflower Lecithin","Organic Milk Chocolate Peanut Butter Cups, 1.4 oz",4,120,1,16,40,230,8,organic
"Ingredients: Organic Cacao, Unrefined Organic Coconut Sugar, Organic Fair-trade Cocoa Butter","Simple Dark Chocolate Bar, 2.1 oz",2,15,3,9,30,180,8,organic
"Ingredients: Organic Dark Chocolate (Organic Evaporated Cane Sugar, Organic Cacao Beans*, Organic Cocoa Butter*, Organic Soya Lecithin [Emulsifier]), Organic Almonds, Organic Cane Sugar, Organic Almond Protein, Organic Palm Oil**, Sea Salt, Organic Sunflower Lecithin","Organic Dark Chocolate Almond Butter Cup, 1.4 oz",3,100,1,14,40,230,7,organic
Organic Coconut Butter Organic Cacao Organic Jerusalem Artichoke Fiber Organic Cacao Butter Organic Ground Coffee Organic Monk Fruit Extract Organic MCT Oil,"Coffee Keto Cups, 4.93 oz",1,5,6,1,20,130,8,organic
"Ingredients: Organic Cacao, Unrefined Organic Coconut Sugar, Organic Fair-trade Cocoa Butter","Dark Chocolate Gems For Baking & Snacking, 4.25 oz",1,5,1,4,15,90,4,organic
"Ingredients: Organic Cacao, Unrefined Organic Coconut Sugar, Organic Fair-trade Cocoa Butter, Organic Fair-trade Cacao Nibs, Organic Peppermint Oil","Crunchy Mint Dark Chocolate Bar, 2.1 oz",3,10,3,8,30,180,8,organic
"Ingredients: Cocoa Beans*+, Cane Sugar*+, Cocoa Butter*+, Sea Salt., *Organic +Fair Trade","Sea Salt 70% Dark Chocolate Bar, 3 oz",2,100,3,9,28,160,6,organic
"Ingredients: Cocoa Beans*+, Cane Sugar*+, Almonds*, Cocoa Butter*+, Pink Himalayan Salt., *Organic +Fair Trade","Organic Fair Trade Salted Almond (70%) Dark Chocolate Bar, 3 oz",3,50,3,8,28,170,5,organic
"Ingredients: Cocoa Beans*+, Cane Sugar*+, Cocoa Butter*+, Ground Vanilla Bean*., *Organic +Fair Trade","Organic Fair Trade Pure (85%) Dark Chocolate Bar, 3 oz",3,0,4,4,28,180,7,organic
"Organic Dark Chocolate (Organic Evaporated Cane Sugar, Organic Cacao Beans*, Organic Cocoa Butter*, Organic Soya Lecithin [Emulsifier]), Organic Cashews, Organic Cane Sugar, Organic Oat Flour, Organic Palm Oil, Sea Salt, Organic Sunflower Lecithin., *Rainforest Alliance Certified Tm","Organic Dark Chocolate Cashew Butter Cup, 14 oz",3,100,1,14,40,230,7,organic
"Ingredients: Organic Cacao, Unrefined Organic Coconut Sugar, Organic Fair-trade Cocoa Butter, Organic Puffed Quinoa, Organic Vanilla Bean, Sea Salt","Vanilla Crunch Dark Chocolate Bar, 2.1 oz",2,45,2,8,30,180,8,organic
"Ingredients: *Organic Cacao Beans, *Organic Cocoa Butter, *Organic Raw Cane Sugar, *Organic Vanilla Beans","Organic Dark Blackout Chocolate Bar, 2.82 oz",3,0,3,4,30,190,10,organic
"Ingredients: Organic Almond, Organic Cacao, Unrefined Organic Coconut Sugar, Organic Fair-trade Cocoa Butter, Sea Salt","Chocolate Covered Almonds & Sea Salt, 4 oz",5,80,3,4,28,170,4,organic
"Organic Cocoa Mass, Organic Expeller Pressed Coconut Oil, Organic Cane Sugar, Organic Cocoa Butter, Organic Cocoa Powder (Processed With Alkali), Soy Lecithin (Emulsifier).","Whole Foods Organic Chocolate Truffles, 8.8 oz",1,0,2,8,27,180,12,organic
"Ingredients: Organic Cashew, Organic Cacao, Unrefined Organic Coconut Sugar, Organic Fair-trade Cocoa Butter, Sea Salt, Organic Vanilla Bean","Chocolate Covered Cashews & Vanilla Bean Hunks, 4 oz",4,75,2,4,28,170,4.5,organic
"Ingredients: Cocoa Beans*+, Cane Sugar*+, Cocoa Butter*+, Orange Essential Oil*., *Organic +Fair Trade","Organic Fair Trade Orange (70%) Dark Chocolate Bar, 3 oz",2,0,3,9,28,170,6,organic
"Ingredients: Organic Cane Sugar, Organic Brown Rice Syrup, Citric Acid, Ascorbic Acid, Natural Flavors, Colored With Organic Concentrate (Carrot, Apple, Blackcurrant, Radish), Turmeric (Color)","Vitamin C Pops (40 Ct), 8.7 oz",0,0,0,8,12.4,45,0,organic
"Ingredients: *Organic Cacao Beans, *Organic Raw Cane Sugar, *Organic Cocoa Butter, Sea Salt (Fleur De Sel)","Alter Eco Organic Deep Dark Sea Salt Chocolate Bar, 2.82 oz",2,55,3,9,30,180,8,organic
"Best Ingredients: Organic Tapioca Syrup, Organic Cane Sugar, Organic Tapioca Syrup Solids, Organic Pear Juice Concentrate, Water, Pectin, Citric Acid, Sodium Citrate, Ascorbic Acid (Vitamin C), Organic Color (Organic Black Carrot, Organic Black Currant Extracts), Organic Sunflower Oil, Natural Flavor, Organic Carnauba Wax","Organic Berry Patch Bunny Fruit Snacks, 4 oz",0,55,11,9,30,180,8,organic
"Ingredients: *Organic Cacao Beans, *Organic Raw Cane Sugar, Salted Caramel Granulates (*Organic Cane Sugar, Organic Glucose Syrup, Organic Cream, Organic Butter, Water, Sea Salt (Fleur De Sel)), *Organic Cocoa Butter, Organic Butterfat, Sea Salt (Fleur De Sel), Natural Flavor., *Fair Trade Certified Tm by Fair Trade USA, Total 90.5% Fair Trade Ingredients","Alter Eco Organic Dark Salted Burnt Caramel Chocolate Bar, 2.82 oz",2,55,2,10,30,170,7,organic
"Best Ingredients: Organic Tapioca Syrup, Organic Cane Sugar, Organic Tapioca Syrup Solids, Organic Pear Juice Concentrate, Water, Pectin, Citric Acid, Sodium Citrate, Ascorbic Acid (Vitamin C), Organic Sunflower Oil, Organic Color (Organic Black Carrot, Organic Black Currant Extracts), Natural Flavor, Organic Carnauba Wax","Organic Summer Strawberry Fruit Snacks, 4 oz",0,55,11,10,30,170,7,organic
"Ingredients: Cocoa Beans*+, Cane Sugar*+, Cocoa Butter*+., *Organic +Fair Trade","Organic Fair Trade Pure (70%) Dark Chocolate Bar, 3 oz",2,0,3,9,28,170,6,organic
"Ingredients: Organic Dark Chocolate (Organic Evaporated Cane Sugar, Organic Cacao Beans, Organic Cocoa Butter, Organic Soya Lecithin [Emulsifier]), Organic Peanut Butter (Organic Ground Peanuts), Organic Cane Sugar, Organic Quinoa, Organic Peanut Flour, Organic Palm Oil, Sea Salt, Organic Sunflower Lecithin","Organic Crispy Dark Chocolate Peanut Butter Cup 2 Count, 1.32 oz",4,120,2,15,37,220,7,organic
Organic Cacao Organic Shredded Coconut Organic Cacao Butter,"Midnight Coconut Primal Chocolate, 2.3 oz",3,0,5,0,28,150,10,organic
"Ingredients: Organic White Chocolate (Organic Sugar, Organic Cocoa Butter*, Organic Whole Milk Powder, Organic Soy Lecithin [Emulsifier], Organic Vanilla), Organic Peanut Butter (Organic Ground Peanuts), Organic Cane Sugar, Organic Peanut Flour, Organic Palm Oil, Sea Salt, Organic Sunflower Lecithin., *Rainforest Alliance Certified Tm","Justin's White Chocolate Peanut Butter Cups, 14 oz",3,150,0,16,40,230,9,organic
"Strawberry Best Ingredients: Organic Pear Juice Concentrate, Organic Apple Juice Concentrate, Organic Dried Apple, Organic Sunflower Oil, Organic Strawberry Puree, Organic Tapioca Starch, Organic Color (Organic Carrot and Organic Blackcurrant Extracts), Citrus Pectin, Ascorbic Acid (Vitamin C), Citric Acid, Natural Flavor., Berry Best Ingredients: Organic Pear Juice Concentrate, Organic Apple Juice Concentrate, Organic Dried Apple, Organic Sunflower Oil, Organic Tapioca Starch, Organic Raspberry Puree, Organic Strawberry Puree, Organic Color (Organic Carrot and Organic Blackcurrant Extracts), Citrus Pectin, Ascorbic Acid (Vitamin C), Citric Acid, Natural Flavor","Organic Really Peely Variety, 9 oz",0,10,1,12,21,80,0,organic
"Ingredients: Organic Cocoa Beans, Organic Cane Sugar, Organic Cocoa Butter, Organic Sunflower Lecithin (Emulsifier)","92% Cocoa Pure Dark Chocolate Bar, 2.64 oz",3,10,3,2,25,160,8,organic
"Ingredient: *Organic Cacao Beans, *Organic Raw Cane Sugar, *Organic Cocoa Butter, Organic Butterfat, Sea Salt (Fleur De Sel), Natural Flavor., *Fair Trade Certified Tm by Fair Trade USA, Total 94.5% Fair Trade Ingredients","Alter Eco Organic Dark Salted Brown Butter Chocolate Bar, 2.82 oz",2,50,3,8,30,180,9,organic
"Ingredients: Milk Chocolate (Organic Cane Sugar*, Organic Milk Powder, Organic Cocoa Butter*, Organic Chocolate Liquor*, Organic Vanilla Extract*), Organic Crisped Quinoa., *Fair Trade Certified Tm by Fair Trade USA","Organic Wtg Crunchy Quinoa Milk Chocolate Bar, 2.8 oz",2,20,1,14,30,170,7,organic
"Ingredients: Cocoa Beans*+, Cane Sugar*+, Cocoa Butter*+, Dried Sour Cherries* (Sour Cherries*, Sunflower Oil*, Rice Flour*), Almonds*, Ground Vanilla Bean*+., *Organic +Fair Trade","Organic Fair Trade Cherry Almond (70%) Dark Chocolate Bar, 3 oz",3,0,4,13,42,210,9,organic
"Ingredients: *Organic Cacao Beans, *Organic Raw Cane Sugar, *Organic Cocoa Butter, Quinoa-rice Crisps (*Organic Quinoa, *Organic Rice, *Organic Raw Cane Sugar), *Organic Vanilla Beans., *Fair Trade Certified [] by Fair Trade USA, Total 100% Fair Trade Ingredients","Organic Dark Quinoa Chocolate Bar, 2.82 oz",2,0,2,11,30,170,7,organic
"Ingredients: *Organic Cacao Beans, *Organic Cocoa Butter, *Organic Raw Cane Sugar, Peppermint Crunch (*Organic Raw Cane Sugar, Organic Peppermint Oil, *Organic Cocoa Powder), *Organic Vanilla Beans","Organic Superdark Crisp Mint 90% Chocolate Bar, 2.65 oz",2,0,3,5,30,200,10,organic
"Ingredients: Cocoa Beans*+, Cane Sugar*+, Coconut*+, Cocoa Butter*+., *Organic +Fair Trade","Organic Fair Trade Coconut (70%) Dark Chocolate Bar, 3 oz",2,0,3,8,28,170,7,organic
Ingredients Organic Coconut Organic Cacao Organic Coconut Sugar Organic Cacao Butter Himalayan Sea Salt,"Eating Evolved Dark Chocolate Caramel & Sea Salt Coconut Butter Cups, 1.5 oz",1,135,3,4,21,130,9,organic
Ingredients Organic Cacao Organic Coconut Sugar Organic Almonds Organic Cacao Butter Himalayan Sea Salt,"Almond Sea Salt Primal Chocolate, 2.5 oz",3,150,3,7,28,140,6,organic
Organic Cacao Organic Coconut Sugar Organic Cacao Butter,"72% Cacao Signature Dark with Organic Coconut Sugar, 2.5 oz",2,10,3,7,28,140,7,organic
Ingredients Organic Coconut Organic Cacao* Organic Coconut Sugar Organic Cacao Butter Himalayan Sea Salt,"Eating Evolved Dark Chocolate Classic Coconut Butter Cups, 1.5 oz",1,45,3,4,21,130,9,organic
"Cocoa Beans*+, Cane Sugar*+, Cocoa Butter*+, Peppermint Essential Oil*., *Organic +Fair Trade","Organic Fair Trade Mint (70%) Dark Chocolate Bar, 3 oz",2,0,3,9,28,170,6,organic
"Ingredients: Cacao Beans†‡, Evaporated Cane Syrup†, Cocoa Butter†‡, Sunflower Lecithin","Organic 74% Chocolate Baking Wafers, 12 oz",1,0,3,4,15,90,3.5,organic
"Ingredients: Organic Cocoa Beans, Organic Cane Sugar, Organic Cocoa Butter, Organic Sunflower Lecithin (Emulsifier)","80% Cocoa Pure Dark Chocolate Bar, 2.64 oz",3,10,3,5,25,150,7,organic
"Cocoa Beans*†, Cane Sugar*†, Cocoa Butter*†, Toffee* (Cane Sugar*†, Butter*, Dried Corn Syrup*, Water, Sea Salt), Sea Salt, Ground Vanilla Bean*., *Organic †fair Trade","Theo Chocolate Salted Toffee 55% Dark Chocolate, 3 oz",2,60,2,12,28,160,5,organic
"Cocoa Beans*+, Cane Sugar*+, Puffed Black Rice*, Quinoa Crisps*, Cocoa Butter*+, Ground Vanilla Bean*., *Organic +Fair Trade","Theo Chocolate Organic Black Rice Quinoa Crunch 5% Dark Chocolate Bar, 3 oz",3,0,4,4,28,170,6,organic
"Best Ingredients: Organic Tapioca Syrup, Organic Cane Sugar, Organic Tapioca Syrup Solids, Water, Organic Pear Juice Concentrate, Organic Honey, Pectin, Citric Acid, Sodium Citrate, Organic Sunflower Oil, Organic Color (Organic Black Carrot, Organic Black Currant Extracts), Organic Carnauba Wax, Natural Flavor","Organic Bees Bugs Fruit Snack 5 Count, 4 oz",0,50,11,4,28,170,6,organic
Ingredients Organic Cacao Organic Cashews Organic Coconut Sugar Organic Cacao Butter Organic Maple Sugar Organic Coconut Flour Himalayan Sea Salt Organic Vanilla Bean Powder,"Cashew Cookie Dough Filled Chocolate Bar, 2.5 oz",3,75,3,6,28,140,6,organic
"Ingredients: Organic Cane Sugar, Organic Brown Rice Syrup, Organic Brown Rice Flour, Organic Apple Juice Concentrate, Organic Tapioca Starch, Citric Acid, Organic Palm Fruit Oil, Natural Flavor, Malic Acid, Tartaric Acid, Sodium Citrate, Organic Rice Bran Extract, Colored With Concentrate (Carrot, Blackcurrant), Turmeric (Color)","Organic Sour Twist Watermelon Lemonade, 7 oz",0,20,0,9,19.8,70,0,organic
"Ingredients: Organic: * Cacao Nib*, Cane Sugar*, Cacao Liquor*","Organic Cacao Sweet Nibs, 8 oz",0,0,1,1,4,25,1,organic
"Tapioca Syrup*, Cane Sugar*, Tapioca Syrup Solids*, Pear Juice Concentrate*, Water, Pectin, Citric Acid, Sodium Citrate, Ascorbic Acid (Vitamin C), Natural Flavor, Sunflower Oil*, Color* (Black Carrot*, Blackcurrant*, Annatto*, Turmeric*, Extracts), Carnauba Wax*, * Organic","Tropical Treat Organic Fruit Snacks, 4 oz",0,55,11,1,4,25,1,organic
"Ingredients: Organic: * Cacao Nibs*, Cane Sugar*, Cacao Liquor*","Organic Cacao Sweet Nibs, 4 oz",0,0,1,1,4,25,1,organic
"Ingredients: Fair Trade Dark Chocolate* (Cacao Beans*, Dried Cane Syrup*, Cacao Butter*, Sunflower Lecithin*), Bananas*, Tapioca Maltodextrin*, Natural Glaze *Indicates USDA Certified Organic","Barnana Organic Dark Chocolate Chewy Banana Bites, 3.5 oz",2,10,4,15,40,180,5,organic
"Ingredients: Organic Cane Sugar, Organic Brown Rice Syrup, Organic Fruit and Organic Vegetable Juice Concentrate For Color (Red Radish, Apple, Black Currant), Natural Flavor","Organic Candy Canes, 5 oz",0,0,0,11,14,60,0,organic
"Ingredients: Organic Cocoa Beans, Organic Cane Sugar, Organic Cocoa Butter, Organic Cocoa Nibs, Organic Sunflower Lecithin (Emulsifier), Sea Salt","Sea Salt & Nibs 63% Cocoa Dark Chocolate Bar, 2.64 oz",2,35,2,8,25,150,6,organic
"Cocoa Beans*+, Cane Sugar*+, Crystallized Ginger* (Ginger*, Cane Sugar*), Cocoa Butter*+., *Organic +Fair Trade","Theo Chocolate Organic Ginger 70% Dark Chocolate Bar, 3 oz",2,0,3,10,28,160,5,organic
"Ingredients: Organic Cocoa Beans, Organic Cane Sugar, Organic Cocoa Butter, Organic Sunflower Lecithin (Emulsifier)","70% Cocoa Pure Dark Chocolate Bar, 2.64 oz",2,10,2,7,25,150,6,organic
"Organic Bittersweet Chocolate (Organic Chocolate Liquor, Organic Cane Sugar, Organic Cocoa Butter, Soy Lecithin (Emulsifier), Organic Vanilla Extract), Organic Coconut Milk (Organic Coconut, Water), Organic Brown Rice Syrup, Organic Cane Sugar, Sea Salt, Organic Vanilla Extract (Water, Organic Ethyl Alcohol, Organic Vanilla Bean Extractives), Xanthan Gum","Bites Organic Vegan Dark Chocolate Covered Coconut Milk Caramels - Sea Salt, 3.5 oz",2,180,2,16,40,180,6,organic
"Ingredients: Organic Cocoa Beans, Organic Cane Sugar, Organic Almond Nibs, Organic Cocoa Butter, Organic Sunflower Lecithin (Emulsifier), Sea Salt","Salted Almond 63% Cocoa Dark Chocolate Bar, 2.64 oz",2,25,2,8,25,150,6,organic
"Ingredients: Organic Cane Sugar, Organic Brown Rice Syrup, Pectin, Organic Tapioca Starch, Organic Pear Juice Concentrate, Citric Acid, Malic Acid, Natural Flavors, Ascorbic Acid, Acacia Gum, Saffron (Color), Organic Carnauba Wax, Colors from Concentrate (Carrot, Blueberry), Organic Colors from Concentrate (Carrot, Radish, Apple)","Yumearth Sour Beans (10 Pk), 7 oz",0,0,0,14,19.8,70,0,organic
"Ingredients: Organic Goldenberry, Organic Cacao, Unrefined Organic Coconut Sugar, Organic Fair-trade Cocoa Butter","Chocolate Covered Sour Goldenberry Hunks, 4 oz",2,0,4,10,28,130,3,organic
"Organic Raw Coconut Oil, Organic Raw Shredded Coconut, Organic Raw Blue Agave, Organic Raw Cashews, Organic Brown Rice Syrup & Pink Himalayan Salt., Organic Chocolate Coating: Organic Chocolate Liquor, Organic Cacao Butter, Organic Cane Sugar, Organic Vanilla","Organic Coconut Bar, 1.6 oz",3,20,4,9,45,260,16,organic
"Ingredients: Peanut Butter Cup Coating* (Dried Cane Syrup*, Cacao Beans*, Certified Sustainable Palm Kernel Oil*, Peanut Flour*, Cacao Butter*, Sea Salt, Sunflower Lecithin*, Soy Lecithin*), Bananas*, Peanut Flour* *Indicates USDA Certified Organic","Organic Dark Chocolate Peanut Butter Banana Bites, 3.5 oz",2,85,3,14,40,185,4,organic
"Best Ingredients: Organic Tapioca Syrup, Organic Cane Sugar, Organic Tapioca Syrup Solids, Organic Pear Juice Concentrate, Water, Pectin, Citric Acid, Sodium Citrate, Organic Sunflower Oil, Organic Color (Organic Black Carrot, Organic Blackcurrant, Organic Turmeric Extracts), Natural Flavors, Organic Carnauba Wax","Mini Bunny Fruit Snack 5 Count, 4 oz",0,55,11,14,40,185,4,organic
"Organic Peanut Butter (Organic Peanuts), Organic Raw Coconut, Organic Raw Pumpkin Seeds, Organic Raw Blue Agave, Organic Raw Coconut Oil & Pink Himalayan Salt., Organic Chocolate Coating: Organic Chocolate Liquor, Organic Cacao Butter, Organic Cane Sugar, Organic Vanilla","Organic Peanut Butter & Coconut Bar, 1.6 oz",7,5,3,10,45,260,8,organic
"Ingredients: Organic Dark Chocolate (Organic Cacao Beans, Organic Evaporated Cane Sugar, Organic Cocoa Butter, Sunflower Lecithin), Organic Tapioca Syrup, Organic Coconut, Organic Sugar (Organic Cane Sugar, Organic Tapioca Starch), Water, Salt, Organic Soy Lecithin, and Organic Vanilla Extract","Ocho Candy Organic Coconut Candy Bar, 1.5 oz",2,50,3,14,42,210,9,organic
"Ingredients: Organic Dark Chocolate (Organic Cacao Beans, Organic Evaporated Cane Sugar, Organic Cocoa Butter, Sunflower Lecithin), Organic Tapioca Syrup, Organic Coconut, Organic Sugar (Organic Cane Sugar, Organic Tapioca Starch), Water, Salt, Organic Soy Lecithin, and Organic Vanilla Extract","Ocho Candy Organic Coconut Candy Bar, 1.5 oz",2,50,3,14,42,210,9,organic
"Ingredients: Organic Cocoa Mass, Organic Cane Sugar, Organic Coconut Oil, Organic Orange Pieces With Peel, Organic Cocoa Butter, Organic Cocoa Powder (Processed With Alkali), Organic Soy Lecithin (Emulsifier), Natural Flavor","Organic Orange Chocolate Truffle, 7 oz",1,5,2,9,27,170,11,organic
"Ingredients: Organic Cocoa Mass, Organic Expeller Pressed Coconut Oil, Organic Cane Sugar, Organic Cocoa Butter, Organic Cocoa Powder (Processed With Alkali), Soy Lecithin (Emulsifier), Natural Flavor","Whole Foods Market™ Organic Cappuccino Truffles, 8.8 oz",1,0,2,8,27,180,12,organic
"Ingredients: Organic Cocoa Mass, Organic Expeller Pressed Coconut Oil, Organic Cane Sugar, Organic Cocoa Butter, Organic Cocoa Powder (Processed With Alkali), Soy Lecithin (Emulsifier), Natural Flavor","Whole Foods Market™ Organic Cappuccino Truffles, 8.8 oz",1,0,2,8,27,180,12,organic
"Ingredients: Organic Cocoa Mass, Organic Expeller Pressed Coconut Oil, Organic Cane Sugar, Organic Cocoa Butter, Organic Cocoa Powder (Processed With Alkali), Soy Lecithin (Emulsifier), Natural Flavor","Whole Foods Market™ Organic Cappuccino Truffles, 8.8 oz",1,0,2,8,27,180,12,organic
"Ingredients: Organic Cane Sugar, Organic Cacao Beans, Organic Almonds, Salt","Organic Dark Chocolate Salted Almond Discs, 2.7 oz",3,50,2,20,27,180,12,organic
"Organic Cacao Beans, Organic Cane Sugar","Cacao Puro Chocolate Mexicano Disc, 2.7 oz",4,0,4,10,27,180,12,organic
"Ingredients: Organic Cacao Beans, Organic Cane Sugar, Organic Cinnamon","Stone Ground Cinnamon Chocolate, 2.7 oz",3,0,3,19,27,180,12,organic
"Ingredients: Cacao Beans*○, Cane Sugar*, Whole Milk*, Toffee* (Cane Sugar*, Rice Syrup*, Butter*, Coconut Oil*, Salt, Soy Lecithin*, Sodium Bicarbonate), Cocoa Butter*○, Non-fat Milk*, Sea Salt, Soy Lecithin*, Vanilla* *Organic ○fair Trade Certified Tm by Fair Trade USA","Organic Milk Chocolate Toffee And Sea Salt, 2.5 oz",3,105,1,12,35,190,7,organic
"Organic Sugar, Organic Rice Syrup, Non-GMO Citric Acid, Natural Flavors, Colored With: Red Cabbage, Purple Carrots, Organic Black Carrot, Organic Blackcurrant, Organic Apple","Organic Pomegranate & Nectarine Hard Candy, 2 oz",0,0,0,14,16,60,0,organic
"Ingredients: Organic Cacao Beans, Organic Cane Sugar, Organic Chili Powder","Guajillo Chili Dark Chocolate Mexicano Disc, 2.7 oz",3,0,3,21,16,60,0,organic
"Organic Milk Chocolate (Organic Dried Cane Syrup, Organic Cocoa Butter, Organic Whole Milk Powder, Organic Chocolate Liquor, Organic Soy Lecithin (Emulsifier), Organic Vanilla), Organic Tapioca, Organic Sugar (Evaporated Cane Juice, Tapioca Starch), Organic Peanuts, Organic Sweetened Condensed Milk (Milk, Sugar), Organic Peanut Butter (Peanuts, Salt), Organic Milk Butter (Cream, Salt), Salt, and Organic Egg Whites","Organic Caramel & Peanut Candy Bar, 1.5 oz",3,90,20,21,16,60,0,organic
"Ingredients: *Dark Chocolate (*Sugar, *Chocolate Liquor, *Cocoa Butter, *Cocoa Powder (Processed With Alkali), and *Vanilla Powder)., *Organic","Organic Dark Chocolate Coins, 5.8 oz",2,0,2,12,28,160,6,organic
"Organic Raw Cashews, Organic Brown Rice Syrup, Organic Raw Cacao Butter, Organic Raw Blue Agave, Organic Peanut Butter (Organic Peanuts), Organic Raw Shredded Coconut, Organic Raw Vanilla Beans & Pink Himalayan Salt., Organic Chocolate Coating: Organic Chocolate Liquor, Organic Cacao Butter, Organic Cane Sugar, Organic Vanilla","Organic Caramel Nougat Candy Bar, 1.6 oz",5,60,3,10,45,270,9,organic
"Ingredients: *Milk Chocolate (*Sugar, *Milk Powder, *Cocoa Butter, *Chocolate Liquor, and *Vanilla Extract)., *Organic","Hanukkah Milk Chocolate Coins Gift Bag, 5.8 oz",2,20,1,14,28,170,7,organic
"Ingredients: Organic Raw Pecans, Organic Raw Almonds, Organic Brown Rice Syrup, Organic Raw Shredded Coconut, Organic Raw Blue Agave, Organic Raw Coconut Oil, Organic Raw Cacao Butter, Organic Raw Cacao Powder, Organic Peanut Butter (Organic Peanuts), Organic Raw Vanilla Beans & Pink Himalayan Salt., Organic Chocolate Coating: Organic Chocolate Liquor, Organic Cacao Butter, Organic Cane Sugar, Organic Vanilla","Organic German Chocolate Bar, 6 oz",3,15,4,10,45,220,7,organic
"Ingredients: Organic Raw Pecans, Organic Raw Almonds, Organic Brown Rice Syrup, Organic Raw Shredded Coconut, Organic Raw Blue Agave, Organic Raw Coconut Oil, Organic Raw Cacao Butter, Organic Raw Cacao Powder, Organic Peanut Butter (Organic Peanuts), Organic Raw Vanilla Beans & Pink Himalayan Salt., Organic Chocolate Coating: Organic Chocolate Liquor, Organic Cacao Butter, Organic Cane Sugar, Organic Vanilla","Organic German Chocolate Bar, 6 oz",3,15,4,10,45,220,7,organic
"Premium Organic Cacao Mass, Organic Raw Cane Sugar, Organic Almonds, Organic Cacao Butter, Organic Cacao Powder","Organic Roasted Almonds Chocolate Bark, 0.31 lb",2,0,1,8,28,155,8,organic
"Ingredients: Premium Organic Cacao Mass, Organic Raw Cane Sugar, Organic Cacao Nibs, Organic Cacao Butter, Organic Cocoa Powder","Organic Train 75 With Cocoa Nibsnight, 2.82 oz",1,24,2,7,28,150,8,organic
"Ingredients: Premium Organic Cacao Mass, Organic Raw Cane Sugar, Organic Cacao Butter, Organic Cacao Powder","Organic Dark Chocolate Bar 88% Cacao, 2.82 oz",2,1,4,5,28,140,8,organic
"Ingredients: *Milk and *+Dark Chocolate (*+Sugar, *Milk Powder, *+Cocoa Butter, *+Chocolate Liquor, *+Vanilla Extract, and *+Vanilla), *Roasted Almonds, and Sea Salt., *Organic., +Fair Trade Certified According To the Fair For Life Standard: 79% of the Total Ingredients",Lake Champlain Chocolates Organic Sea Salt & Almonds 38% Milk Chocolate Bar,2,115,1,14,32,180,7,organic
"Ingredients: *+Dark Chocolate (*+Chocolate Liquor, *+Sugar, *+Cocoa Butter, and *+Vanilla), *Heavy Cream, *+Sugar, *Rice Syrup, Water, Sea Salt, and *Vanilla Extract., *Organic +Fair Trade Certified According To the Fair For Life Standard: 70% Fo the Total Ingredients","Organic Salt Caramel Chocolate Bar, 3.25 oz",1,35,1,14,35,160,6,organic
"Ingredients: *Milk and *White Chocolate (*+Sugar, *Milk Powder, *+Cocoa Butter, *+Chocolate Liquor, *+Vanilla Extract, and Soybean Lecithin (Non-GMO)), *Salted Peanut Butter, and *Peanut Flour., * Organic +Fair Trade Certified","Organic 38% Cocoa Peanut Butter Chocolate, 3.25 oz",3,40,1,15,35,200,7,organic
"Premium Organic Cacao Mass, Organic Raw Cane Sugar, Organic Cashews, Organic Cacao Butter, Organic Cacao Powder","Organic Cashew Chocolate Bark, 0.27 lb",2,0,1,8,28,155,8,organic
"Organic Tapioca Syrup, Organic Cane Sugar, Organic Tapioca Syrup Solids, Organic Pear Juice Concentrate, Water, Pectin, Citric Acid, Sodium Citrate, Ascorbic Acid (Vitamin C), Organic Sunflower Oil, Natural Flavor, Organic Carnauba Wax, Organic Color (Organic Annatto, Organic Turmeric Extracts).","Organic Sunny Citrus Bunny Fruit Snacks, 5 Pk, 4 oz",0,55,11,8,28,155,8,organic
"Ingredients: Premium Organic Cacao Mass, Organic Raw Cane Sugar, Organic Hazelnuts, Organic Cacao Butter, Organic Cacao Powder, Himalayan Salt","Organic Dark Hazelnut Bar 56% Cacao, 2.82 oz",1,240,1,12,28,159,8,organic
"Premium Organic Cacao Mass, Organic Raw Cane Sugar, Organic Cacao Butter, Organic Cocoa Powder","Organic Dark Chocolate Bar 80% Cacao, 2.82 oz",2,1,4,6,28,144,8,organic
"Naturally Caffeine-free and Ethically Sourced, 100% Organically Grown Ingredients: Roasted Chicory Root (24%), Aniseed, Sweet Fennel Seed (20%), Licorice Root, Cardamom Pod (8%), Orange Peel, Ginger Root","Organic After Dinner, 1.27 oz",2,1,4,6,28,144,8,organic
"Ingredients: *+Dark Chocolate (*+Chocolate Liquor, *+Sugar, *+Cocoa Butter, and *+Vanilla), *Pumpkin Seeds, *Cinnamon, and *Cayenne Pepper., *Organic., +Fair Trade Certified According To the Fair For Life Standard: 93% of the Total Ingredients","Organic Spicy Aztec Dark Chocolate Bar 57%, 3 oz",2,0,2,13,32,170,7,organic
"Ingredients: Premium Organic Cacao Mass Organic Raw Cane Sugar, Organic Quinoa Organic Cacao Butter, Organic Cacao Powder","Organic Dark Popped Quinoa Bar 70% Cacao, 2.82 oz",2,24,2,8,28,150,8,organic
"Ingredients: Superior Organic Cacao Mass Organic Raw Cane Sugar, Organic Cacao Butter, Organic Cacao Powder, Organic Jungle Peanuts, Himalayan Pink Salt","Organic Dark Jungle Peanut Bar 70% Cacao, 2.82 oz",2,240,1,8,28,155,8,organic
"Ingredients: Superior Organic Cacao Mass Organic Raw Cane Sugar, Organic Cacao Butter., Organic Cacao Powder","Organic Perfection 70dark, 2.82 oz",2,24,2,8,28,152,8,organic
"Premium Organic Cacao Mass, Organic Raw Cane Sugar, Organic Cacao Butter, Organic Cocoa Powder, Organic Strawberries","Organic Dark Strawbry Mermaid 67% Cacao`, 2.82 oz",2,240,1,8,28,155,8,organic
"Ingredients: Premium Organic Cacao Mass, Organic Raw Cane Sugar, Organic Coconut, Organic Pineapple, Organic Cacao Butter, Organic Cacao Powder","Organic Dark Surfer Girl Bar 56%, 2.82 oz",1,24,1,12,28,160,8,organic
"Ingredients: Organic Premium Cacao, Organic Raw Cane Sugar, Organic Cacao Butter, Organic Whole Milk Powder","Organic Velvet 51deep, 2.82 oz",2,10,1,12,28,159,8,organic
"Organic Raw Cane Sugar, Premium Organic Cacao Butter, Organic Rice Powder, Organic Cacao Mass Organic Cacao Nibs","Organic Plant Based Milk Chocolate, 2.82 oz",2,10,1,12,28,160,8,organic
"Ingredients: *+Dark and *White Chocolate (*+Chocolate Liquor, *+Sugar, *+Cocoa Butter, *+Vanilla, *Milk Powder, Soybean Lecithin (Non-GMO), and *+Vanilla Extract), *Heavy Cream, *Rice Syrup, *Coconut, and Natural Coconut Flavor","Organic Coconut Chocolate Bar, 3.25 oz",2,5,2,13,35,180,8,organic
"Organic Cane Sugar, Organic Brown Rice Syrup, Organic Fruit and Organic Vegetable Juice Concentrate For Color (Red Radish, Apple, Black Currant), Natural Flavor","Organic Mini Candy Canes, 21.2 oz",0,0,0,14,18,70,0,organic
"Ingredients: Organic Cane Sugar, Organic Manuka Honey, Organic Brown Rice Syrup, Lemon Oil, Eucalyptus Oil (Flavor), and Propolis","Organic Manuka Honey Drops Lemon, 4 oz",0,0,11,14,18,70,0,organic
"Ingredients: Organic Cane Sugar, Organic Manuka Honey, Organic Brown Rice Syrup, Echinacea","Organic Manuka Honey Drops Honey, 4 oz",0,0,11,14,18,70,0,organic
Ingredients Organic Almonds Organic Cacao Organic Jerusalem Artichoke Fiber Organic Cacao Butter Organic Monk Fruit Extract Organic MCT Oil,"Almond Flavored Keto Cups 2 Count, 1.4 oz",3,0,5,1,20,130,3,organic
"Ingredients: Organic Cane Sugar, Organic Manuka Honey, Organic Brown Rice Syrup, Ground Ginger, Echinacea","Organic Manuka Honey Drops Ginger, 4 oz",0,0,11,1,20,130,3,organic
"Ingredients: Organic Cashews, Organic Palm Kernel Oil, Organic Rice Starch, Organic Cane Sugar, Organic Maple Syrup, Organic Cashew Butter, Sea Salt, Organic Sunflower Lecithin, Organic Cocoa","Organic Maple Cashew Butter Covered Cashews, 3 oz",2,70,0,5,28,180,7,organic
